DateStr,Year,Month,Month name,Mode,Trips,Type
2018-01-01,2018,1,January,Metropolitan train,16809932.0,Actual
2018-02-01,2018,2,February,Metropolitan train,19554477.0,Actual
2018-03-01,2018,3,March,Metropolitan train,22659010.0,Actual
2018-04-01,2018,4,April,Metropolitan train,20312040.0,Actual
2018-05-01,2018,5,May,Metropolitan train,22768447.0,Actual
2018-06-01,2018,6,June,Metropolitan train,19284755.0,Actual
2018-07-01,2018,7,July,Metropolitan train,20732099.0,Actual
2018-08-01,2018,8,August,Metropolitan train,22566766.0,Actual
2018-09-01,2018,9,September,Metropolitan train,20056487.0,Actual
2018-10-01,2018,10,October,Metropolitan train,22299761.0,Actual
2018-11-01,2018,11,November,Metropolitan train,20806123.0,Actual
2018-12-01,2018,12,December,Metropolitan train,16665365.0,Actual
2019-01-01,2019,1,January,Metropolitan train,17074623.0,Actual
2019-02-01,2019,2,February,Metropolitan train,20011823.0,Actual
2019-03-01,2019,3,March,Metropolitan train,22250796.0,Actual
2019-04-01,2019,4,April,Metropolitan train,18579825.0,Actual
2019-05-01,2019,5,May,Metropolitan train,23045436.0,Actual
2019-06-01,2019,6,June,Metropolitan train,19099513.0,Actual
2019-07-01,2019,7,July,Metropolitan train,20771347.0,Actual
2019-08-01,2019,8,August,Metropolitan train,22618021.0,Actual
2019-09-01,2019,9,September,Metropolitan train,20593343.0,Actual
2019-10-01,2019,10,October,Metropolitan train,22429337.0,Actual
2019-11-01,2019,11,November,Metropolitan train,20413342.0,Actual
2019-12-01,2019,12,December,Metropolitan train,17890229.0,Actual
2020-01-01,2020,1,January,Metropolitan train,17015987.0,Actual
2020-02-01,2020,2,February,Metropolitan train,19811543.0,Actual
2020-03-01,2020,3,March,Metropolitan train,13746958.0,Actual
2020-04-01,2020,4,April,Metropolitan train,2165747.0,Actual
2020-05-01,2020,5,May,Metropolitan train,3670296.0,Actual
2020-06-01,2020,6,June,Metropolitan train,6432121.0,Actual
2020-07-01,2020,7,July,Metropolitan train,3963903.0,Actual
2020-08-01,2020,8,August,Metropolitan train,1887499.0,Actual
2020-09-01,2020,9,September,Metropolitan train,1931257.0,Actual
2020-10-01,2020,10,October,Metropolitan train,3388960.0,Actual
2020-11-01,2020,11,November,Metropolitan train,6439402.0,Actual
2020-12-01,2020,12,December,Metropolitan train,7868276.0,Actual
2021-01-01,2021,1,January,Metropolitan train,7231312.0,Actual
2021-02-01,2021,2,February,Metropolitan train,7822660.0,Actual
2021-03-01,2021,3,March,Metropolitan train,11852314.0,Actual
2021-04-01,2021,4,April,Metropolitan train,11632636.0,Actual
2021-05-01,2021,5,May,Metropolitan train,11375712.0,Actual
2021-06-01,2021,6,June,Metropolitan train,6321515.0,Actual
2021-07-01,2021,7,July,Metropolitan train,7512489.0,Actual
2021-08-01,2021,8,August,Metropolitan train,3954587.0,Actual
2021-09-01,2021,9,September,Metropolitan train,2769485.0,Actual
2021-10-01,2021,10,October,Metropolitan train,3995863.0,Actual
2021-11-01,2021,11,November,Metropolitan train,8341146.0,Actual
2021-12-01,2021,12,December,Metropolitan train,9127862.0,Actual
2022-01-01,2022,1,January,Metropolitan train,5778986.0,Actual
2022-02-01,2022,2,February,Metropolitan train,8382008.0,Actual
2022-03-01,2022,3,March,Metropolitan train,13045722.0,Actual
2022-04-01,2022,4,April,Metropolitan train,11890697.0,Actual
2022-05-01,2022,5,May,Metropolitan train,12833409.0,Actual
2022-06-01,2022,6,June,Metropolitan train,11842624.0,Actual
2022-07-01,2022,7,July,Metropolitan train,12019600.0,Actual
2022-08-01,2022,8,August,Metropolitan train,13095346.0,Actual
2022-09-01,2022,9,September,Metropolitan train,12936260.0,Actual
2022-10-01,2022,10,October,Metropolitan train,12909284.0,Actual
2022-11-01,2022,11,November,Metropolitan train,13072188.0,Actual
2022-12-01,2022,12,December,Metropolitan train,11867965.0,Actual
2023-01-01,2023,1,January,Metropolitan train,10109375.0,Actual
2023-02-01,2023,2,February,Metropolitan train,12831622.0,Actual
2023-03-01,2023,3,March,Metropolitan train,16527142.0,Actual
2023-04-01,2023,4,April,Metropolitan train,13288137.0,Actual
2023-05-01,2023,5,May,Metropolitan train,15312507.0,Actual
2023-06-01,2023,6,June,Metropolitan train,13115087.0,Actual
2023-07-01,2023,7,July,Metropolitan train,14020167.0,Actual
2023-08-01,2023,8,August,Metropolitan train,16437412.0,Actual
2023-09-01,2023,9,September,Metropolitan train,14847177.0,Actual
2023-10-01,2023,10,October,Metropolitan train,15199277.0,Actual
2023-11-01,2023,11,November,Metropolitan train,14653512.0,Actual
2023-12-01,2023,12,December,Metropolitan train,13516661.0,Actual
2024-01-01,2024,1,January,Metropolitan train,13254775.0,Actual
2024-02-01,2024,2,February,Metropolitan train,15828610.0,Actual
2024-03-01,2024,3,March,Metropolitan train,17171572.0,Actual
2024-04-01,2024,4,April,Metropolitan train,15943432.0,Actual
2024-05-01,2024,5,May,Metropolitan train,17201139.0,Actual
2024-06-01,2024,6,June,Metropolitan train,14454677.0,Actual
2024-07-01,2024,7,July,Metropolitan train,15901814.0,Actual
2024-08-01,2024,8,August,Metropolitan train,17273609.0,Actual
2024-09-01,2024,9,September,Metropolitan train,15323401.0,Actual
2024-10-01,2024,10,October,Metropolitan train,16934209.0,Actual
2024-11-01,2024,11,November,Metropolitan train,14968410.0,Actual
2024-12-01,2024,12,December,Metropolitan train,13603360.0,Actual
2025-01-01,2025,1,January,Metropolitan train,13379440.0,Actual
2025-02-01,2025,2,February,Metropolitan train,14514256.0,Actual
2025-03-01,2025,3,March,Metropolitan train,17994138.0,Actual
2025-04-01,2025,4,April,Metropolitan train,15480989.0,Actual
2025-05-01,2025,5,May,Metropolitan train,17588793.0,Actual
2025-06-01,2025,6,June,Metropolitan train,14442545.0,Actual
2025-07-01,2025,7,July,Metropolitan train,15451503.0,Actual
2025-08-01,2025,8,August,Metropolitan train,16189046.0,Actual
2025-09-01,2025,9,September,Metropolitan train,14998479.0,Actual
2025-10-01,2025,10,October,Metropolitan train,15977164.0,Actual
2025-11-01,2025,11,November,Metropolitan train,14297664.0,Actual
2025-12-01,2025,12,December,Metropolitan train,14894850.0,Actual
2018-01-01,2018,1,January,Metropolitan tram,15231368.0,Actual
2018-02-01,2018,2,February,Metropolitan tram,16980925.0,Actual
2018-03-01,2018,3,March,Metropolitan tram,19832126.0,Actual
2018-04-01,2018,4,April,Metropolitan tram,16919872.0,Actual
2018-05-01,2018,5,May,Metropolitan tram,17691427.0,Actual
2018-06-01,2018,6,June,Metropolitan tram,15836171.0,Actual
2018-07-01,2018,7,July,Metropolitan tram,17169239.0,Actual
2018-08-01,2018,8,August,Metropolitan tram,18415592.0,Actual
2018-09-01,2018,9,September,Metropolitan tram,15892774.0,Actual
2018-10-01,2018,10,October,Metropolitan tram,18677490.0,Actual
2018-11-01,2018,11,November,Metropolitan tram,17398998.0,Actual
2018-12-01,2018,12,December,Metropolitan tram,15404107.0,Actual
2019-01-01,2019,1,January,Metropolitan tram,15695535.0,Actual
2019-02-01,2019,2,February,Metropolitan tram,16485000.0,Actual
2019-03-01,2019,3,March,Metropolitan tram,19456794.0,Actual
2019-04-01,2019,4,April,Metropolitan tram,17400302.0,Actual
2019-05-01,2019,5,May,Metropolitan tram,18410816.0,Actual
2019-06-01,2019,6,June,Metropolitan tram,15041547.0,Actual
2019-07-01,2019,7,July,Metropolitan tram,16784796.0,Actual
2019-08-01,2019,8,August,Metropolitan tram,17578879.0,Actual
2019-09-01,2019,9,September,Metropolitan tram,15733247.0,Actual
2019-10-01,2019,10,October,Metropolitan tram,16917616.0,Actual
2019-11-01,2019,11,November,Metropolitan tram,15344062.0,Actual
2019-12-01,2019,12,December,Metropolitan tram,13736921.0,Actual
2020-01-01,2020,1,January,Metropolitan tram,13396238.0,Actual
2020-02-01,2020,2,February,Metropolitan tram,14656787.0,Actual
2020-03-01,2020,3,March,Metropolitan tram,9602985.0,Actual
2020-04-01,2020,4,April,Metropolitan tram,1376119.0,Actual
2020-05-01,2020,5,May,Metropolitan tram,2587250.0,Actual
2020-06-01,2020,6,June,Metropolitan tram,4080847.0,Actual
2020-07-01,2020,7,July,Metropolitan tram,2505061.0,Actual
2020-08-01,2020,8,August,Metropolitan tram,1224017.0,Actual
2020-09-01,2020,9,September,Metropolitan tram,1245928.0,Actual
2020-10-01,2020,10,October,Metropolitan tram,2130346.0,Actual
2020-11-01,2020,11,November,Metropolitan tram,4511166.0,Actual
2020-12-01,2020,12,December,Metropolitan tram,5995164.0,Actual
2021-01-01,2021,1,January,Metropolitan tram,5553277.0,Actual
2021-02-01,2021,2,February,Metropolitan tram,5882295.0,Actual
2021-03-01,2021,3,March,Metropolitan tram,8750223.0,Actual
2021-04-01,2021,4,April,Metropolitan tram,9123455.0,Actual
2021-05-01,2021,5,May,Metropolitan tram,8761433.0,Actual
2021-06-01,2021,6,June,Metropolitan tram,4557256.0,Actual
2021-07-01,2021,7,July,Metropolitan tram,5093722.0,Actual
2021-08-01,2021,8,August,Metropolitan tram,2686330.0,Actual
2021-09-01,2021,9,September,Metropolitan tram,1910362.0,Actual
2021-10-01,2021,10,October,Metropolitan tram,3102681.0,Actual
2021-11-01,2021,11,November,Metropolitan tram,7034365.0,Actual
2021-12-01,2021,12,December,Metropolitan tram,8359146.0,Actual
2022-01-01,2022,1,January,Metropolitan tram,5372999.0,Actual
2022-02-01,2022,2,February,Metropolitan tram,7962117.0,Actual
2022-03-01,2022,3,March,Metropolitan tram,11614262.0,Actual
2022-04-01,2022,4,April,Metropolitan tram,10065400.0,Actual
2022-05-01,2022,5,May,Metropolitan tram,10150913.0,Actual
2022-06-01,2022,6,June,Metropolitan tram,9590565.0,Actual
2022-07-01,2022,7,July,Metropolitan tram,11129287.0,Actual
2022-08-01,2022,8,August,Metropolitan tram,12361088.0,Actual
2022-09-01,2022,9,September,Metropolitan tram,11791504.0,Actual
2022-10-01,2022,10,October,Metropolitan tram,12080170.0,Actual
2022-11-01,2022,11,November,Metropolitan tram,12137205.0,Actual
2022-12-01,2022,12,December,Metropolitan tram,10945095.0,Actual
2023-01-01,2023,1,January,Metropolitan tram,12245668.0,Actual
2023-02-01,2023,2,February,Metropolitan tram,12894448.0,Actual
2023-03-01,2023,3,March,Metropolitan tram,15292063.0,Actual
2023-04-01,2023,4,April,Metropolitan tram,12402173.0,Actual
2023-05-01,2023,5,May,Metropolitan tram,12760569.0,Actual
2023-06-01,2023,6,June,Metropolitan tram,11602791.0,Actual
2023-07-01,2023,7,July,Metropolitan tram,12335062.0,Actual
2023-08-01,2023,8,August,Metropolitan tram,13280460.0,Actual
2023-09-01,2023,9,September,Metropolitan tram,12149257.0,Actual
2023-10-01,2023,10,October,Metropolitan tram,12453509.0,Actual
2023-11-01,2023,11,November,Metropolitan tram,12503061.0,Actual
2023-12-01,2023,12,December,Metropolitan tram,12173168.0,Actual
2024-01-01,2024,1,January,Metropolitan tram,11821351.0,Actual
2024-02-01,2024,2,February,Metropolitan tram,13427105.0,Actual
2024-03-01,2024,3,March,Metropolitan tram,14840535.0,Actual
2024-04-01,2024,4,April,Metropolitan tram,14241713.0,Actual
2024-05-01,2024,5,May,Metropolitan tram,13914626.0,Actual
2024-06-01,2024,6,June,Metropolitan tram,11656478.0,Actual
2024-07-01,2024,7,July,Metropolitan tram,13019738.0,Actual
2024-08-01,2024,8,August,Metropolitan tram,13714916.0,Actual
2024-09-01,2024,9,September,Metropolitan tram,11695377.0,Actual
2024-10-01,2024,10,October,Metropolitan tram,14575255.0,Actual
2024-11-01,2024,11,November,Metropolitan tram,13548253.0,Actual
2024-12-01,2024,12,December,Metropolitan tram,13101396.0,Actual
2025-01-01,2025,1,January,Metropolitan tram,12523366.0,Actual
2025-02-01,2025,2,February,Metropolitan tram,13058985.0,Actual
2025-03-01,2025,3,March,Metropolitan tram,15300456.0,Actual
2025-04-01,2025,4,April,Metropolitan tram,13414808.0,Actual
2025-05-01,2025,5,May,Metropolitan tram,14443916.0,Actual
2025-06-01,2025,6,June,Metropolitan tram,11792860.0,Actual
2025-07-01,2025,7,July,Metropolitan tram,12651420.0,Actual
2025-08-01,2025,8,August,Metropolitan tram,12233414.0,Actual
2025-09-01,2025,9,September,Metropolitan tram,11515404.0,Actual
2025-10-01,2025,10,October,Metropolitan tram,12402127.0,Actual
2025-11-01,2025,11,November,Metropolitan tram,12265500.0,Actual
2025-12-01,2025,12,December,Metropolitan tram,12069311.0,Actual
2018-01-01,2018,1,January,Metropolitan bus,7568547.0,Actual
2018-02-01,2018,2,February,Metropolitan bus,10487311.0,Actual
2018-03-01,2018,3,March,Metropolitan bus,11528895.0,Actual
2018-04-01,2018,4,April,Metropolitan bus,9592750.0,Actual
2018-05-01,2018,5,May,Metropolitan bus,11263486.0,Actual
2018-06-01,2018,6,June,Metropolitan bus,9526795.0,Actual
2018-07-01,2018,7,July,Metropolitan bus,9657327.0,Actual
2018-08-01,2018,8,August,Metropolitan bus,11756706.0,Actual
2018-09-01,2018,9,September,Metropolitan bus,9878596.0,Actual
2018-10-01,2018,10,October,Metropolitan bus,11233979.0,Actual
2018-11-01,2018,11,November,Metropolitan bus,10367915.0,Actual
2018-12-01,2018,12,December,Metropolitan bus,7941245.0,Actual
2019-01-01,2019,1,January,Metropolitan bus,7845144.0,Actual
2019-02-01,2019,2,February,Metropolitan bus,10105546.0,Actual
2019-03-01,2019,3,March,Metropolitan bus,11775566.0,Actual
2019-04-01,2019,4,April,Metropolitan bus,9667587.0,Actual
2019-05-01,2019,5,May,Metropolitan bus,12082141.0,Actual
2019-06-01,2019,6,June,Metropolitan bus,9515676.0,Actual
2019-07-01,2019,7,July,Metropolitan bus,10417277.0,Actual
2019-08-01,2019,8,August,Metropolitan bus,11485155.0,Actual
2019-09-01,2019,9,September,Metropolitan bus,10238956.0,Actual
2019-10-01,2019,10,October,Metropolitan bus,11294945.0,Actual
2019-11-01,2019,11,November,Metropolitan bus,10405336.0,Actual
2019-12-01,2019,12,December,Metropolitan bus,8858522.0,Actual
2020-01-01,2020,1,January,Metropolitan bus,8369145.0,Actual
2020-02-01,2020,2,February,Metropolitan bus,10407862.0,Actual
2020-03-01,2020,3,March,Metropolitan bus,7600641.0,Actual
2020-04-01,2020,4,April,Metropolitan bus,1507175.0,Actual
2020-05-01,2020,5,May,Metropolitan bus,2539068.0,Actual
2020-06-01,2020,6,June,Metropolitan bus,4752862.0,Actual
2020-07-01,2020,7,July,Metropolitan bus,3170618.0,Actual
2020-08-01,2020,8,August,Metropolitan bus,1793958.0,Actual
2020-09-01,2020,9,September,Metropolitan bus,2038847.0,Actual
2020-10-01,2020,10,October,Metropolitan bus,3769166.0,Actual
2020-11-01,2020,11,November,Metropolitan bus,5795635.0,Actual
2020-12-01,2020,12,December,Metropolitan bus,5885341.0,Actual
2021-01-01,2021,1,January,Metropolitan bus,4805284.0,Actual
2021-02-01,2021,2,February,Metropolitan bus,5617752.0,Actual
2021-03-01,2021,3,March,Metropolitan bus,7645169.0,Actual
2021-04-01,2021,4,April,Metropolitan bus,6628991.0,Actual
2021-05-01,2021,5,May,Metropolitan bus,6962665.0,Actual
2021-06-01,2021,6,June,Metropolitan bus,4452322.0,Actual
2021-07-01,2021,7,July,Metropolitan bus,4722392.0,Actual
2021-08-01,2021,8,August,Metropolitan bus,3102190.0,Actual
2021-09-01,2021,9,September,Metropolitan bus,2405774.0,Actual
2021-10-01,2021,10,October,Metropolitan bus,3435761.0,Actual
2021-11-01,2021,11,November,Metropolitan bus,6453897.0,Actual
2021-12-01,2021,12,December,Metropolitan bus,5912880.0,Actual
2022-01-01,2022,1,January,Metropolitan bus,4124071.0,Actual
2022-02-01,2022,2,February,Metropolitan bus,6205045.0,Actual
2022-03-01,2022,3,March,Metropolitan bus,8476974.0,Actual
2022-04-01,2022,4,April,Metropolitan bus,6870377.0,Actual
2022-05-01,2022,5,May,Metropolitan bus,7779324.0,Actual
2022-06-01,2022,6,June,Metropolitan bus,6943793.0,Actual
2022-07-01,2022,7,July,Metropolitan bus,7332966.0,Actual
2022-08-01,2022,8,August,Metropolitan bus,8338393.0,Actual
2022-09-01,2022,9,September,Metropolitan bus,7472155.0,Actual
2022-10-01,2022,10,October,Metropolitan bus,8156542.0,Actual
2022-11-01,2022,11,November,Metropolitan bus,8312554.0,Actual
2022-12-01,2022,12,December,Metropolitan bus,7434002.0,Actual
2023-01-01,2023,1,January,Metropolitan bus,7090984.0,Actual
2023-02-01,2023,2,February,Metropolitan bus,8608284.0,Actual
2023-03-01,2023,3,March,Metropolitan bus,10301621.0,Actual
2023-04-01,2023,4,April,Metropolitan bus,8124564.0,Actual
2023-05-01,2023,5,May,Metropolitan bus,9848630.0,Actual
2023-06-01,2023,6,June,Metropolitan bus,8635816.0,Actual
2023-07-01,2023,7,July,Metropolitan bus,9219892.0,Actual
2023-08-01,2023,8,August,Metropolitan bus,10304037.0,Actual
2023-09-01,2023,9,September,Metropolitan bus,9260131.0,Actual
2023-10-01,2023,10,October,Metropolitan bus,10083249.0,Actual
2023-11-01,2023,11,November,Metropolitan bus,9872183.0,Actual
2023-12-01,2023,12,December,Metropolitan bus,8548817.0,Actual
2024-01-01,2024,1,January,Metropolitan bus,8335210.0,Actual
2024-02-01,2024,2,February,Metropolitan bus,10441479.0,Actual
2024-03-01,2024,3,March,Metropolitan bus,10596736.0,Actual
2024-04-01,2024,4,April,Metropolitan bus,9271098.0,Actual
2024-05-01,2024,5,May,Metropolitan bus,10256661.0,Actual
2024-06-01,2024,6,June,Metropolitan bus,8706404.0,Actual
2024-07-01,2024,7,July,Metropolitan bus,9829583.0,Actual
2024-08-01,2024,8,August,Metropolitan bus,10737761.0,Actual
2024-09-01,2024,9,September,Metropolitan bus,9188549.0,Actual
2024-10-01,2024,10,October,Metropolitan bus,10555383.0,Actual
2024-11-01,2024,11,November,Metropolitan bus,9323924.0,Actual
2024-12-01,2024,12,December,Metropolitan bus,8687979.0,Actual
2025-01-01,2025,1,January,Metropolitan bus,8183939.0,Actual
2025-02-01,2025,2,February,Metropolitan bus,9179004.0,Actual
2025-03-01,2025,3,March,Metropolitan bus,10650660.0,Actual
2025-04-01,2025,4,April,Metropolitan bus,9353277.0,Actual
2025-05-01,2025,5,May,Metropolitan bus,10384586.0,Actual
2025-06-01,2025,6,June,Metropolitan bus,8809813.0,Actual
2025-07-01,2025,7,July,Metropolitan bus,9573219.0,Actual
2025-08-01,2025,8,August,Metropolitan bus,9969102.0,Actual
2025-09-01,2025,9,September,Metropolitan bus,9143531.0,Actual
2025-10-01,2025,10,October,Metropolitan bus,10077976.0,Actual
2025-11-01,2025,11,November,Metropolitan bus,8815809.0,Actual
2025-12-01,2025,12,December,Metropolitan bus,8281774.0,Actual
2026-01-01,2026,1,January,Metropolitan train,16899478.0,Forecast
2026-02-01,2026,2,February,Metropolitan train,17008810.0,Forecast
2026-03-01,2026,3,March,Metropolitan train,17118143.0,Forecast
2026-04-01,2026,4,April,Metropolitan train,17227475.0,Forecast
2026-05-01,2026,5,May,Metropolitan train,17336808.0,Forecast
2026-06-01,2026,6,June,Metropolitan train,17446140.0,Forecast
2026-07-01,2026,7,July,Metropolitan train,17555473.0,Forecast
2026-08-01,2026,8,August,Metropolitan train,17664805.0,Forecast
2026-09-01,2026,9,September,Metropolitan train,17774137.0,Forecast
2026-10-01,2026,10,October,Metropolitan train,17883470.0,Forecast
2026-11-01,2026,11,November,Metropolitan train,17992802.0,Forecast
2026-12-01,2026,12,December,Metropolitan train,18102135.0,Forecast
2027-01-01,2027,1,January,Metropolitan train,18211467.0,Forecast
2027-02-01,2027,2,February,Metropolitan train,18320799.0,Forecast
2027-03-01,2027,3,March,Metropolitan train,18430132.0,Forecast
2027-04-01,2027,4,April,Metropolitan train,18539464.0,Forecast
2027-05-01,2027,5,May,Metropolitan train,18648797.0,Forecast
2027-06-01,2027,6,June,Metropolitan train,18758129.0,Forecast
2027-07-01,2027,7,July,Metropolitan train,18867461.0,Forecast
2027-08-01,2027,8,August,Metropolitan train,18976794.0,Forecast
2027-09-01,2027,9,September,Metropolitan train,19086126.0,Forecast
2027-10-01,2027,10,October,Metropolitan train,19195459.0,Forecast
2027-11-01,2027,11,November,Metropolitan train,19304791.0,Forecast
2027-12-01,2027,12,December,Metropolitan train,19414123.0,Forecast
2026-01-01,2026,1,January,Metropolitan tram,13850327.0,Forecast
2026-02-01,2026,2,February,Metropolitan tram,13913503.0,Forecast
2026-03-01,2026,3,March,Metropolitan tram,13976679.0,Forecast
2026-04-01,2026,4,April,Metropolitan tram,14039854.0,Forecast
2026-05-01,2026,5,May,Metropolitan tram,14103030.0,Forecast
2026-06-01,2026,6,June,Metropolitan tram,14166206.0,Forecast
2026-07-01,2026,7,July,Metropolitan tram,14229381.0,Forecast
2026-08-01,2026,8,August,Metropolitan tram,14292557.0,Forecast
2026-09-01,2026,9,September,Metropolitan tram,14355733.0,Forecast
2026-10-01,2026,10,October,Metropolitan tram,14418908.0,Forecast
2026-11-01,2026,11,November,Metropolitan tram,14482084.0,Forecast
2026-12-01,2026,12,December,Metropolitan tram,14545260.0,Forecast
2027-01-01,2027,1,January,Metropolitan tram,14608435.0,Forecast
2027-02-01,2027,2,February,Metropolitan tram,14671611.0,Forecast
2027-03-01,2027,3,March,Metropolitan tram,14734787.0,Forecast
2027-04-01,2027,4,April,Metropolitan tram,14797962.0,Forecast
2027-05-01,2027,5,May,Metropolitan tram,14861138.0,Forecast
2027-06-01,2027,6,June,Metropolitan tram,14924314.0,Forecast
2027-07-01,2027,7,July,Metropolitan tram,14987489.0,Forecast
2027-08-01,2027,8,August,Metropolitan tram,15050665.0,Forecast
2027-09-01,2027,9,September,Metropolitan tram,15113841.0,Forecast
2027-10-01,2027,10,October,Metropolitan tram,15177016.0,Forecast
2027-11-01,2027,11,November,Metropolitan tram,15240192.0,Forecast
2027-12-01,2027,12,December,Metropolitan tram,15303368.0,Forecast
2026-01-01,2026,1,January,Metropolitan bus,10266602.0,Forecast
2026-02-01,2026,2,February,Metropolitan bus,10323659.0,Forecast
2026-03-01,2026,3,March,Metropolitan bus,10380716.0,Forecast
2026-04-01,2026,4,April,Metropolitan bus,10437773.0,Forecast
2026-05-01,2026,5,May,Metropolitan bus,10494830.0,Forecast
2026-06-01,2026,6,June,Metropolitan bus,10551887.0,Forecast
2026-07-01,2026,7,July,Metropolitan bus,10608944.0,Forecast
2026-08-01,2026,8,August,Metropolitan bus,10666001.0,Forecast
2026-09-01,2026,9,September,Metropolitan bus,10723058.0,Forecast
2026-10-01,2026,10,October,Metropolitan bus,10780115.0,Forecast
2026-11-01,2026,11,November,Metropolitan bus,10837172.0,Forecast
2026-12-01,2026,12,December,Metropolitan bus,10894228.0,Forecast
2027-01-01,2027,1,January,Metropolitan bus,10951285.0,Forecast
2027-02-01,2027,2,February,Metropolitan bus,11008342.0,Forecast
2027-03-01,2027,3,March,Metropolitan bus,11065399.0,Forecast
2027-04-01,2027,4,April,Metropolitan bus,11122456.0,Forecast
2027-05-01,2027,5,May,Metropolitan bus,11179513.0,Forecast
2027-06-01,2027,6,June,Metropolitan bus,11236570.0,Forecast
2027-07-01,2027,7,July,Metropolitan bus,11293627.0,Forecast
2027-08-01,2027,8,August,Metropolitan bus,11350684.0,Forecast
2027-09-01,2027,9,September,Metropolitan bus,11407741.0,Forecast
2027-10-01,2027,10,October,Metropolitan bus,11464798.0,Forecast
2027-11-01,2027,11,November,Metropolitan bus,11521855.0,Forecast
2027-12-01,2027,12,December,Metropolitan bus,11578912.0,Forecast
